{
  "baseline": {
    "n_scenarios": 10,
    "success_rate": 1.0,
    "n_success": 10,
    "n_failed": 0,
    "solve_time_mean": 45.57412843704223,
    "solve_time_std": 9.060498093106053,
    "solve_time_median": 42.46751654148102,
    "iterations_mean": 188.3,
    "iterations_std": 52.896219146551495,
    "iterations_median": 174.5,
    "lap_time_mean": 15.860231993730418,
    "lap_time_std": 0.22427812736899527
  },
  "dt_warmstart": {
    "n_scenarios": 10,
    "success_rate": 1.0,
    "n_success": 10,
    "n_failed": 0,
    "solve_time_mean": 82.74757032394409,
    "solve_time_std": 30.227710930500912,
    "solve_time_median": 72.31812882423401,
    "iterations_mean": 433.9,
    "iterations_std": 189.76008537097573,
    "iterations_median": 373.0,
    "lap_time_mean": 16.35893967102158,
    "lap_time_std": 0.6449740201112955,
    "warmstart_time_mean": 1.6939430475234984,
    "warmstart_acceptance_rate": 1.0,
    "total_time_mean": 84.4415133714676,
    "fallback_count_mean": 3.4,
    "fallback_count_max": 4,
    "projection_count_mean": 92.4,
    "projection_count_max": 101,
    "projection_total_magnitude_mean": 155.01960591480642,
    "projection_max_magnitude_mean": 4.1605055874615475,
    "projection_max_magnitude_max": 5.883920363851159
  },
  "baseline_retry": {
    "n_scenarios": 10,
    "success_rate": 1.0,
    "n_success": 10,
    "n_failed": 0,
    "solve_time_mean": 45.57412843704223,
    "solve_time_std": 9.060498093106053,
    "solve_time_median": 42.46751654148102,
    "iterations_mean": 188.3,
    "iterations_std": 52.896219146551495,
    "iterations_median": 174.5,
    "lap_time_mean": 15.860231993730418,
    "lap_time_std": 0.22427812736899527
  }
}