scenario_id,method,success,accepted,rejection_reason,solve_time_s,ipopt_iterations,lap_time_s,warmstart_time_s,warmstart_accepted,num_obstacles,min_clearance_m
0,baseline,True,True,,47.73174500465393,155,15.750795337699586,0.0,True,1,-0.1163807148292455
0,baseline_retry,True,True,,47.73174500465393,155,15.750795337699586,0.0,True,1,-0.1163807148292455
0,dt_warmstart,True,True,,732.6630971431732,449,16.58843681716085,1.7704908847808838,True,1,-0.009372183865322459
1,baseline,True,True,,49.81358528137207,189,15.733610122785997,0.0,True,1,-0.21913771579729668
1,baseline_retry,True,True,,49.81358528137207,189,15.733610122785997,0.0,True,1,-0.21913771579729668
1,dt_warmstart,True,True,,64.0716335773468,307,15.823899735932383,1.8295369148254395,True,1,-0.21912896938622617
2,baseline,True,True,,47.27177429199219,179,15.700561877552483,0.0,True,1,-0.36063553862354314
2,baseline_retry,True,True,,47.27177429199219,179,15.700561877552483,0.0,True,1,-0.36063553862354314
2,dt_warmstart,True,True,,74.6542444229126,362,15.981565475390845,2.163134813308716,True,1,-0.3938122181027073
