scenario_id,method,success,accepted,rejection_reason,solve_time_s,ipopt_iterations,lap_time_s,warmstart_time_s,warmstart_accepted,num_obstacles,min_clearance_m
0,baseline,True,True,,32.98598599433899,155,15.750795337699586,0.0,True,1,-0.1163807148292455
0,baseline_retry,True,True,,32.98598599433899,155,15.750795337699586,0.0,True,1,-0.1163807148292455
0,dt_warmstart,True,True,,58.72894549369812,355,16.001267340359068,1.231651782989502,True,1,7.873948280057164e-07
1,baseline,True,True,,37.27045965194702,189,15.733610122785997,0.0,True,1,-0.21913771579729668
1,baseline_retry,True,True,,37.27045965194702,189,15.733610122785997,0.0,True,1,-0.21913771579729668
1,dt_warmstart,True,True,,79.49854278564453,483,15.782072774673317,1.2743523120880127,True,1,-0.17398616547529588
2,baseline,True,True,,37.761868476867676,179,15.700561877552483,0.0,True,1,-0.36063553862354314
2,baseline_retry,True,True,,37.761868476867676,179,15.700561877552483,0.0,True,1,-0.36063553862354314
2,dt_warmstart,True,True,,38.501211404800415,202,15.97344266983328,2.012537956237793,True,1,-0.32708675593047154
