scenario_id,method,success,accepted,rejection_reason,solve_time_s,ipopt_iterations,lap_time_s,warmstart_time_s,warmstart_accepted,ws_fallback_count,ws_projection_count,ws_projection_total_magnitude,ws_projection_max_magnitude,num_obstacles,min_clearance_m
0,baseline,True,True,,29.64505887031555,155,15.750795337699586,0.0,True,0,0,0.0,0.0,1,-0.1163807148292455
0,baseline_retry,True,True,,29.64505887031555,155,15.750795337699586,0.0,True,0,0,0.0,0.0,1,-0.1163807148292455
0,dt_warmstart,True,True,,73.70738577842712,555,15.909632360811967,1.2131714820861816,True,2,101,178.66805745390496,2.883248826004209,1,-0.011861062929645838
1,baseline,True,True,,32.91012907028198,189,15.733610122785997,0.0,True,0,0,0.0,0.0,1,-0.21913771579729668
1,baseline_retry,True,True,,32.91012907028198,189,15.733610122785997,0.0,True,0,0,0.0,0.0,1,-0.21913771579729668
1,dt_warmstart,True,True,,52.89467692375183,371,16.41364256491597,1.1159491539001465,True,2,96,167.0099707147293,4.315778392790234,1,-0.10942291187824882
2,baseline,True,True,,32.529330015182495,179,15.700561877552483,0.0,True,0,0,0.0,0.0,1,-0.36063553862354314
2,baseline_retry,True,True,,32.529330015182495,179,15.700561877552483,0.0,True,0,0,0.0,0.0,1,-0.36063553862354314
2,dt_warmstart,True,True,,56.81962776184082,415,16.115022728725712,1.1233835220336914,True,2,101,174.56779325138191,2.962996162423312,1,-0.31625597956676144
