{
  "baseline": {
    "n_scenarios": 3,
    "success_rate": 1.0,
    "n_success": 3,
    "n_failed": 0,
    "solve_time_mean": 31.694839318593342,
    "solve_time_std": 1.4577269736814213,
    "solve_time_median": 32.529330015182495,
    "iterations_mean": 174.33333333333334,
    "iterations_std": 14.2672897060218,
    "iterations_median": 179.0,
    "lap_time_mean": 15.728322446012688,
    "lap_time_std": 0.020845779330308692
  },
  "baseline_retry": {
    "n_scenarios": 3,
    "success_rate": 1.0,
    "n_success": 3,
    "n_failed": 0,
    "solve_time_mean": 31.694839318593342,
    "solve_time_std": 1.4577269736814213,
    "solve_time_median": 32.529330015182495,
    "iterations_mean": 174.33333333333334,
    "iterations_std": 14.2672897060218,
    "iterations_median": 179.0,
    "lap_time_mean": 15.728322446012688,
    "lap_time_std": 0.020845779330308692
  },
  "dt_warmstart": {
    "n_scenarios": 3,
    "success_rate": 1.0,
    "n_success": 3,
    "n_failed": 0,
    "solve_time_mean": 61.14056348800659,
    "solve_time_std": 9.029399264979245,
    "solve_time_median": 56.81962776184082,
    "iterations_mean": 447.0,
    "iterations_std": 78.45168364456347,
    "iterations_median": 415.0,
    "lap_time_mean": 16.146099218151218,
    "lap_time_std": 0.20693136157753703,
    "warmstart_time_mean": 1.1508347193400066,
    "warmstart_acceptance_rate": 1.0,
    "total_time_mean": 62.291398207346596,
    "fallback_count_mean": 2.0,
    "fallback_count_max": 2,
    "projection_count_mean": 99.33333333333333,
    "projection_count_max": 101,
    "projection_total_magnitude_mean": 173.41527380667205,
    "projection_max_magnitude_mean": 3.387341127072585,
    "projection_max_magnitude_max": 4.315778392790234
  }
}