scenario_id,method,success,accepted,rejection_reason,solve_time_s,ipopt_iterations,lap_time_s,warmstart_time_s,warmstart_accepted,ws_fallback_count,ws_projection_count,ws_projection_total_magnitude,ws_projection_max_magnitude,num_obstacles,min_clearance_m
0,baseline,True,True,,44.509143590927124,183,16.68036450656173,0.0,True,0,0,0.0,0.0,1,-0.03743041583688389
0,baseline_retry,True,True,,44.509143590927124,183,16.68036450656173,0.0,True,0,0,0.0,0.0,1,-0.03743041583688389
0,dt_warmstart,True,True,,88.07560276985168,471,16.57257423167032,1.6675055027008057,True,5,100,190.53117178904014,3.514609173755154,1,0.5338995432277849
1,baseline,True,True,,78.37795901298523,395,16.624324256466053,0.0,True,0,0,0.0,0.0,1,-0.13554026497877247
1,baseline_retry,True,True,,78.37795901298523,395,16.624324256466053,0.0,True,0,0,0.0,0.0,1,-0.13554026497877247
1,dt_warmstart,True,True,,68.54724955558777,336,17.574226314432735,1.70564866065979,True,6,96,206.42823177707174,6.018162628273926,1,-0.11411313044911897
2,baseline,True,True,,38.19106483459473,143,16.626837479989565,0.0,True,0,0,0.0,0.0,1,2.194596148232291
2,baseline_retry,True,True,,38.19106483459473,143,16.626837479989565,0.0,True,0,0,0.0,0.0,1,2.194596148232291
2,dt_warmstart,True,True,,75.51022696495056,390,16.53560813501524,1.6606521606445312,True,5,99,197.33056452361294,3.514609173755154,1,1.7936160903391996
