{
  "dt_warmstart": {
    "n_scenarios": 3,
    "success_rate": 1.0,
    "n_success": 3,
    "n_failed": 0,
    "solve_time_mean": 77.37769309679668,
    "solve_time_std": 8.081036118817815,
    "solve_time_median": 75.51022696495056,
    "iterations_mean": 399.0,
    "iterations_std": 55.47972602672079,
    "iterations_median": 390.0,
    "lap_time_mean": 16.89413622703943,
    "lap_time_std": 0.48113305041568366,
    "warmstart_time_mean": 1.6779354413350422,
    "warmstart_acceptance_rate": 1.0,
    "total_time_mean": 79.05562853813171,
    "fallback_count_mean": 5.333333333333333,
    "fallback_count_max": 6,
    "projection_count_mean": 98.33333333333333,
    "projection_count_max": 100,
    "projection_total_magnitude_mean": 198.09665602990825,
    "projection_max_magnitude_mean": 4.349126991928078,
    "projection_max_magnitude_max": 6.018162628273926
  },
  "baseline": {
    "n_scenarios": 3,
    "success_rate": 1.0,
    "n_success": 3,
    "n_failed": 0,
    "solve_time_mean": 53.69272247950236,
    "solve_time_std": 17.644644264446605,
    "solve_time_median": 44.509143590927124,
    "iterations_mean": 240.33333333333334,
    "iterations_std": 110.57827795528178,
    "iterations_median": 183.0,
    "lap_time_mean": 16.643842081005783,
    "lap_time_std": 0.025845628250403457
  },
  "baseline_retry": {
    "n_scenarios": 3,
    "success_rate": 1.0,
    "n_success": 3,
    "n_failed": 0,
    "solve_time_mean": 53.69272247950236,
    "solve_time_std": 17.644644264446605,
    "solve_time_median": 44.509143590927124,
    "iterations_mean": 240.33333333333334,
    "iterations_std": 110.57827795528178,
    "iterations_median": 183.0,
    "lap_time_mean": 16.643842081005783,
    "lap_time_std": 0.025845628250403457
  }
}