scenario_id,method,success,accepted,rejection_reason,solve_time_s,ipopt_iterations,lap_time_s,warmstart_time_s,warmstart_accepted,ws_fallback_count,ws_projection_count,ws_projection_total_magnitude,ws_projection_max_magnitude,num_obstacles,min_clearance_m
0,baseline,True,True,,42.86505675315857,155,15.750795337699586,0.0,True,0,0,0.0,0.0,1,-0.1163807148292455
0,baseline_retry,True,True,,42.86505675315857,155,15.750795337699586,0.0,True,0,0,0.0,0.0,1,-0.1163807148292455
0,dt_warmstart,True,True,,105.14675903320312,555,15.909632360811967,1.8694500923156738,True,2,101,178.66805745390496,2.883248826004209,1,-0.011861062929645838
1,baseline,True,True,,46.36141657829285,189,15.733610122785997,0.0,True,0,0,0.0,0.0,1,-0.21913771579729668
1,baseline_retry,True,True,,46.36141657829285,189,15.733610122785997,0.0,True,0,0,0.0,0.0,1,-0.21913771579729668
1,dt_warmstart,True,True,,74.47387385368347,371,16.41364256491597,1.7111594676971436,True,2,96,167.0099707147293,4.315778392790234,1,-0.10942291187824882
2,baseline,True,True,,46.070151805877686,179,15.700561877552483,0.0,True,0,0,0.0,0.0,1,-0.36063553862354314
2,baseline_retry,True,True,,46.070151805877686,179,15.700561877552483,0.0,True,0,0,0.0,0.0,1,-0.36063553862354314
2,dt_warmstart,True,True,,81.34776639938354,415,16.115022728725712,1.673694372177124,True,2,101,174.56779325138191,2.962996162423312,1,-0.31625597956676144
