scenario_id,method,success,accepted,rejection_reason,solve_time_s,ipopt_iterations,lap_time_s,warmstart_time_s,warmstart_accepted,num_obstacles,min_clearance_m
0,baseline,True,True,,50.803664684295654,155,15.750795337699586,0.0,True,1,-0.1163807148292455
0,baseline_retry,True,True,,50.803664684295654,155,15.750795337699586,0.0,True,1,-0.1163807148292455
0,dt_warmstart,True,True,,140.4946002960205,672,15.885719955962761,2.4273805618286133,True,1,0.26835210990349223
1,baseline,True,True,,50.51717162132263,189,15.733610122785997,0.0,True,1,-0.21913771579729668
1,baseline_retry,True,True,,50.51717162132263,189,15.733610122785997,0.0,True,1,-0.21913771579729668
1,dt_warmstart,True,True,,116.45945358276367,562,15.788169366172363,2.2003333568573,True,1,-0.124221899086562
2,baseline,True,True,,51.03412437438965,179,15.700561877552483,0.0,True,1,-0.36063553862354314
2,baseline_retry,True,True,,51.03412437438965,179,15.700561877552483,0.0,True,1,-0.36063553862354314
2,dt_warmstart,False,False,solver_failed,204.91092777252197,-1,inf,1.8899338245391846,True,1,1.8404181155760104
