scenario_id,method,success,accepted,rejection_reason,solve_time_s,ipopt_iterations,lap_time_s,warmstart_time_s,warmstart_accepted,ws_fallback_count,ws_projection_count,ws_projection_total_magnitude,ws_projection_max_magnitude,num_obstacles,min_clearance_m
0,baseline,True,True,,29.037911653518677,155,15.750795337699586,0.0,True,0,0,0.0,0.0,1,-0.1163807148292455
0,baseline_retry,True,True,,29.037911653518677,155,15.750795337699586,0.0,True,0,0,0.0,0.0,1,-0.1163807148292455
0,dt_warmstart,True,True,,29.522095680236816,180,15.885564265269467,1.113098382949829,True,0,116,205.00845377790228,2.574750344363885,1,-0.1159928724503303
1,baseline,True,True,,31.844687700271606,189,15.733610122785997,0.0,True,0,0,0.0,0.0,1,-0.21913771579729668
1,baseline_retry,True,True,,31.844687700271606,189,15.733610122785997,0.0,True,0,0,0.0,0.0,1,-0.21913771579729668
1,dt_warmstart,True,True,,37.015217781066895,236,16.016380034570957,1.1690704822540283,True,0,116,205.45563190192422,2.6387308847746676,1,-0.07423563587573412
2,baseline,True,True,,31.96187424659729,179,15.700561877552483,0.0,True,0,0,0.0,0.0,1,-0.36063553862354314
2,baseline_retry,True,True,,31.96187424659729,179,15.700561877552483,0.0,True,0,0,0.0,0.0,1,-0.36063553862354314
2,dt_warmstart,True,True,,28.9735004901886,173,15.961755050052027,1.1594064235687256,True,0,116,204.68492366723177,2.541620603224742,1,-0.12187040127484394
