{
  "dt_warmstart": {
    "n_scenarios": 3,
    "success_rate": 1.0,
    "n_success": 3,
    "n_failed": 0,
    "solve_time_mean": 31.83693798383077,
    "solve_time_std": 3.6684397604870895,
    "solve_time_median": 29.522095680236816,
    "iterations_mean": 196.33333333333334,
    "iterations_std": 28.193773938387334,
    "iterations_median": 180.0,
    "lap_time_mean": 15.95456644996415,
    "lap_time_std": 0.0536466734159894,
    "warmstart_time_mean": 1.1471917629241943,
    "warmstart_acceptance_rate": 1.0,
    "total_time_mean": 32.98412974675496,
    "fallback_count_mean": 0.0,
    "fallback_count_max": 0,
    "projection_count_mean": 116.0,
    "projection_count_max": 116,
    "projection_total_magnitude_mean": 205.04966978235277,
    "projection_max_magnitude_mean": 2.5850339441210983,
    "projection_max_magnitude_max": 2.6387308847746676
  },
  "baseline_retry": {
    "n_scenarios": 3,
    "success_rate": 1.0,
    "n_success": 3,
    "n_failed": 0,
    "solve_time_mean": 30.948157866795857,
    "solve_time_std": 1.3515950128557475,
    "solve_time_median": 31.844687700271606,
    "iterations_mean": 174.33333333333334,
    "iterations_std": 14.2672897060218,
    "iterations_median": 179.0,
    "lap_time_mean": 15.728322446012688,
    "lap_time_std": 0.020845779330308692
  },
  "baseline": {
    "n_scenarios": 3,
    "success_rate": 1.0,
    "n_success": 3,
    "n_failed": 0,
    "solve_time_mean": 30.948157866795857,
    "solve_time_std": 1.3515950128557475,
    "solve_time_median": 31.844687700271606,
    "iterations_mean": 174.33333333333334,
    "iterations_std": 14.2672897060218,
    "iterations_median": 179.0,
    "lap_time_mean": 15.728322446012688,
    "lap_time_std": 0.020845779330308692
  }
}