scenario_id,method,success,accepted,rejection_reason,solve_time_s,ipopt_iterations,lap_time_s,warmstart_time_s,warmstart_accepted,num_obstacles,min_clearance_m
0,baseline,True,True,,40.63967561721802,155,15.750795337699586,0.0,True,1,-0.1163807148292455
0,baseline_retry,True,True,,40.63967561721802,155,15.750795337699586,0.0,True,1,-0.1163807148292455
0,dt_warmstart,True,True,,85.8707799911499,616,20.414303054844442,1.166398048400879,True,1,-0.9481873941670087
1,baseline,True,True,,34.23243498802185,189,15.733610122785997,0.0,True,1,-0.21913771579729668
1,baseline_retry,True,True,,34.23243498802185,189,15.733610122785997,0.0,True,1,-0.21913771579729668
1,dt_warmstart,True,True,,53.55439019203186,343,15.868264392131593,1.202329158782959,True,1,-0.17388968228955815
2,baseline,True,True,,35.668797731399536,179,15.700561877552483,0.0,True,1,-0.36063553862354314
2,baseline_retry,True,True,,35.668797731399536,179,15.700561877552483,0.0,True,1,-0.36063553862354314
2,dt_warmstart,True,True,,81.38086485862732,549,15.91033099841557,1.492335319519043,True,1,0.2400662730482903
