{
  "baseline_retry": {
    "n_scenarios": 3,
    "success_rate": 1.0,
    "n_success": 3,
    "n_failed": 0,
    "solve_time_mean": 35.70015652974447,
    "solve_time_std": 2.2112380728410748,
    "solve_time_median": 36.32772183418274,
    "iterations_mean": 174.33333333333334,
    "iterations_std": 14.2672897060218,
    "iterations_median": 179.0,
    "lap_time_mean": 15.728322446012688,
    "lap_time_std": 0.020845779330308692
  },
  "baseline": {
    "n_scenarios": 3,
    "success_rate": 1.0,
    "n_success": 3,
    "n_failed": 0,
    "solve_time_mean": 35.70015652974447,
    "solve_time_std": 2.2112380728410748,
    "solve_time_median": 36.32772183418274,
    "iterations_mean": 174.33333333333334,
    "iterations_std": 14.2672897060218,
    "iterations_median": 179.0,
    "lap_time_mean": 15.728322446012688,
    "lap_time_std": 0.020845779330308692
  },
  "dt_warmstart": {
    "n_scenarios": 3,
    "success_rate": 1.0,
    "n_success": 3,
    "n_failed": 0,
    "solve_time_mean": 58.12100752194723,
    "solve_time_std": 2.876911210655166,
    "solve_time_median": 57.333218574523926,
    "iterations_mean": 348.0,
    "iterations_std": 22.22611077089287,
    "iterations_median": 352.0,
    "lap_time_mean": 15.971601888801331,
    "lap_time_std": 0.2234330479290736,
    "warmstart_time_mean": 1.3815247217814128,
    "warmstart_acceptance_rate": 1.0,
    "total_time_mean": 59.50253224372864
  }
}