scenario_id,method,success,accepted,rejection_reason,solve_time_s,ipopt_iterations,lap_time_s,warmstart_time_s,warmstart_accepted,num_obstacles,min_clearance_m
0,baseline,True,True,,32.73326587677002,155,15.750795337699586,0.0,True,1,-0.1163807148292455
0,baseline_retry,True,True,,32.73326587677002,155,15.750795337699586,0.0,True,1,-0.1163807148292455
0,dt_warmstart,True,True,,57.333218574523926,352,16.237666136900163,1.4343204498291016,True,1,-0.0087164686136747
1,baseline,True,True,,36.32772183418274,189,15.733610122785997,0.0,True,1,-0.21913771579729668
1,baseline_retry,True,True,,36.32772183418274,189,15.733610122785997,0.0,True,1,-0.21913771579729668
1,dt_warmstart,True,True,,61.971702337265015,373,15.690952515512485,1.4463467597961426,True,1,-0.12414623790840262
2,baseline,True,True,,38.03948187828064,179,15.700561877552483,0.0,True,1,-0.36063553862354314
2,baseline_retry,True,True,,38.03948187828064,179,15.700561877552483,0.0,True,1,-0.36063553862354314
2,dt_warmstart,True,True,,55.058101654052734,319,15.986187013991346,1.2639069557189941,True,1,-0.28340025484760134
