{
  "baseline_retry": {
    "n_scenarios": 3,
    "success_rate": 1.0,
    "n_success": 3,
    "n_failed": 0,
    "solve_time_mean": 58.4999684492747,
    "solve_time_std": 1.1816648844233026,
    "solve_time_median": 58.179274797439575,
    "iterations_mean": 267.0,
    "iterations_std": 0.0,
    "iterations_median": 267.0,
    "lap_time_mean": 15.598643634464773,
    "lap_time_std": 0.0
  },
  "baseline": {
    "n_scenarios": 3,
    "success_rate": 1.0,
    "n_success": 3,
    "n_failed": 0,
    "solve_time_mean": 58.4999684492747,
    "solve_time_std": 1.1816648844233026,
    "solve_time_median": 58.179274797439575,
    "iterations_mean": 267.0,
    "iterations_std": 0.0,
    "iterations_median": 267.0,
    "lap_time_mean": 15.598643634464773,
    "lap_time_std": 0.0
  },
  "dt_warmstart": {
    "n_scenarios": 3,
    "success_rate": 1.0,
    "n_success": 3,
    "n_failed": 0,
    "solve_time_mean": 108.94671646753947,
    "solve_time_std": 1.6140264241473992,
    "solve_time_median": 109.96007943153381,
    "iterations_mean": 584.0,
    "iterations_std": 0.0,
    "iterations_median": 584.0,
    "lap_time_mean": 16.529817538360223,
    "lap_time_std": 0.0,
    "warmstart_time_mean": 1.933355490366618,
    "warmstart_acceptance_rate": 1.0,
    "total_time_mean": 110.8800719579061,
    "fallback_count_mean": 3.0,
    "fallback_count_max": 3,
    "projection_count_mean": 84.0,
    "projection_count_max": 84,
    "projection_total_magnitude_mean": 155.12668445416568,
    "projection_max_magnitude_mean": 4.549966038883489,
    "projection_max_magnitude_max": 4.549966038883489
  }
}