scenario_id,method,success,accepted,rejection_reason,solve_time_s,ipopt_iterations,lap_time_s,warmstart_time_s,warmstart_accepted,num_obstacles,min_clearance_m
0,baseline,True,True,,33.057486057281494,155,15.750795337699586,0.0,True,1,-0.1163807148292455
0,baseline_retry,True,True,,33.057486057281494,155,15.750795337699586,0.0,True,1,-0.1163807148292455
0,dt_warmstart,True,True,,62.46133828163147,391,16.132281309637733,1.4458937644958496,True,1,1.1024443913321136e-06
1,baseline,True,True,,36.63173007965088,189,15.733610122785997,0.0,True,1,-0.21913771579729668
1,baseline_retry,True,True,,36.63173007965088,189,15.733610122785997,0.0,True,1,-0.21913771579729668
1,dt_warmstart,True,True,,70.0623607635498,423,15.768125486018727,1.573030710220337,True,1,-0.21916427874159639
2,baseline,True,True,,37.49323487281799,179,15.700561877552483,0.0,True,1,-0.36063553862354314
2,baseline_retry,True,True,,37.49323487281799,179,15.700561877552483,0.0,True,1,-0.36063553862354314
2,dt_warmstart,True,True,,62.96717858314514,410,16.21476862357268,1.7233116626739502,True,1,-0.3973319500205039
