{
  "baseline_retry": {
    "n_scenarios": 3,
    "success_rate": 1.0,
    "n_success": 3,
    "n_failed": 0,
    "solve_time_mean": 80.51802802085876,
    "solve_time_std": 32.115548984096925,
    "solve_time_median": 84.40902137756348,
    "iterations_mean": 381.3333333333333,
    "iterations_std": 188.8250218824001,
    "iterations_median": 403.0,
    "lap_time_mean": 21.692896994576916,
    "lap_time_std": 0.37604877422348554
  },
  "baseline": {
    "n_scenarios": 3,
    "success_rate": 1.0,
    "n_success": 3,
    "n_failed": 0,
    "solve_time_mean": 80.51802802085876,
    "solve_time_std": 32.115548984096925,
    "solve_time_median": 84.40902137756348,
    "iterations_mean": 381.3333333333333,
    "iterations_std": 188.8250218824001,
    "iterations_median": 403.0,
    "lap_time_mean": 21.692896994576916,
    "lap_time_std": 0.37604877422348554
  },
  "dt_warmstart": {
    "n_scenarios": 3,
    "success_rate": 1.0,
    "n_success": 3,
    "n_failed": 0,
    "solve_time_mean": 110.34181491533916,
    "solve_time_std": 24.887215494946883,
    "solve_time_median": 111.12446188926697,
    "iterations_mean": 575.6666666666666,
    "iterations_std": 147.4953859918638,
    "iterations_median": 584.0,
    "lap_time_mean": 22.266212125351995,
    "lap_time_std": 0.601476033993512,
    "warmstart_time_mean": 1.7358514467875164,
    "warmstart_acceptance_rate": 1.0,
    "total_time_mean": 112.07766636212668,
    "fallback_count_mean": 8.0,
    "fallback_count_max": 9,
    "projection_count_mean": 75.66666666666667,
    "projection_count_max": 79,
    "projection_total_magnitude_mean": 138.45819538504065,
    "projection_max_magnitude_mean": 5.597511959811541,
    "projection_max_magnitude_max": 6.754473406716472
  }
}