scenario_id,method,success,accepted,rejection_reason,solve_time_s,ipopt_iterations,lap_time_s,warmstart_time_s,warmstart_accepted,ws_fallback_count,ws_projection_count,ws_projection_total_magnitude,ws_projection_max_magnitude,num_obstacles,min_clearance_m
0,baseline,True,True,,84.40902137756348,403,22.21768569020567,0.0,True,0,0,0.0,0.0,1,-0.06774901248970067
0,baseline_retry,True,True,,84.40902137756348,403,22.21768569020567,0.0,True,0,0,0.0,0.0,1,-0.06774901248970067
0,dt_warmstart,True,True,,140.42344403266907,752,22.844083593171234,1.7307937145233154,True,7,76,141.2575006752547,4.948762528184788,1,-0.22873108252562369
1,baseline,True,True,,117.76127791404724,601,21.35589273054704,0.0,True,0,0,0.0,0.0,1,1.552908850929605
1,baseline_retry,True,True,,117.76127791404724,601,21.35589273054704,0.0,True,0,0,0.0,0.0,1,1.552908850929605
1,dt_warmstart,True,True,,111.12446188926697,584,22.51783957388562,1.7080729007720947,True,9,72,113.51831553653109,6.754473406716472,1,1.3479088256516687
2,baseline,True,True,,39.383784770965576,140,21.505112562978045,0.0,True,0,0,0.0,0.0,1,1.8353755848490916
2,baseline_retry,True,True,,39.383784770965576,140,21.505112562978045,0.0,True,0,0,0.0,0.0,1,1.8353755848490916
2,dt_warmstart,True,True,,79.47753882408142,391,21.436713208999123,1.7686877250671387,True,8,79,160.59876994333618,5.089299944533363,1,1.7682558482754105
