scenario_id,method,success,accepted,rejection_reason,solve_time_s,ipopt_iterations,lap_time_s,warmstart_time_s,warmstart_accepted,ws_fallback_count,ws_projection_count,ws_projection_total_magnitude,ws_projection_max_magnitude,num_obstacles,min_clearance_m
0,baseline,True,True,,38.014381885528564,128,17.40122157627284,0.0,True,0,0,0.0,0.0,1,-0.1397475218041675
0,baseline_retry,True,True,,38.014381885528564,128,17.40122157627284,0.0,True,0,0,0.0,0.0,1,-0.1397475218041675
0,dt_warmstart,True,True,,50.02468776702881,218,17.01116104330251,1.711332082748413,True,2,86,112.09257596334348,3.5576271021704438,1,-0.06487117120790753
1,baseline,True,True,,85.6978087425232,404,17.178284697482415,0.0,True,0,0,0.0,0.0,1,-0.022270614613046913
1,baseline_retry,True,True,,85.6978087425232,404,17.178284697482415,0.0,True,0,0,0.0,0.0,1,-0.022270614613046913
1,dt_warmstart,True,True,,56.39814066886902,251,17.41155851337257,1.7101223468780518,True,2,81,127.6700574708965,5.402799396125798,1,-0.023496138681723178
2,baseline,True,True,,40.85495162010193,150,16.764792929548605,0.0,True,0,0,0.0,0.0,1,1.7303702806394956
2,baseline_retry,True,True,,40.85495162010193,150,16.764792929548605,0.0,True,0,0,0.0,0.0,1,1.7303702806394956
2,dt_warmstart,True,True,,54.99918794631958,245,17.016202478545097,1.7168421745300293,True,3,81,108.18916751151026,4.9882135367169775,1,1.7763393225869935
