{
  "baseline": {
    "n_scenarios": 3,
    "success_rate": 1.0,
    "n_success": 3,
    "n_failed": 0,
    "solve_time_mean": 54.855714082717896,
    "solve_time_std": 21.839464452492667,
    "solve_time_median": 40.85495162010193,
    "iterations_mean": 227.33333333333334,
    "iterations_std": 125.24464947542558,
    "iterations_median": 150.0,
    "lap_time_mean": 17.11476640110129,
    "lap_time_std": 0.263674402845859
  },
  "baseline_retry": {
    "n_scenarios": 3,
    "success_rate": 1.0,
    "n_success": 3,
    "n_failed": 0,
    "solve_time_mean": 54.855714082717896,
    "solve_time_std": 21.839464452492667,
    "solve_time_median": 40.85495162010193,
    "iterations_mean": 227.33333333333334,
    "iterations_std": 125.24464947542558,
    "iterations_median": 150.0,
    "lap_time_mean": 17.11476640110129,
    "lap_time_std": 0.263674402845859
  },
  "dt_warmstart": {
    "n_scenarios": 3,
    "success_rate": 1.0,
    "n_success": 3,
    "n_failed": 0,
    "solve_time_mean": 53.80733879407247,
    "solve_time_std": 2.7350324524921654,
    "solve_time_median": 54.99918794631958,
    "iterations_mean": 238.0,
    "iterations_std": 14.352700094407323,
    "iterations_median": 245.0,
    "lap_time_mean": 17.146307345073392,
    "lap_time_std": 0.1875721918451397,
    "warmstart_time_mean": 1.7127655347188313,
    "warmstart_acceptance_rate": 1.0,
    "total_time_mean": 55.520104328791305,
    "fallback_count_mean": 2.3333333333333335,
    "fallback_count_max": 3,
    "projection_count_mean": 82.66666666666667,
    "projection_count_max": 86,
    "projection_total_magnitude_mean": 115.9839336485834,
    "projection_max_magnitude_mean": 4.64954667833774,
    "projection_max_magnitude_max": 5.402799396125798
  }
}