{
  "baseline_retry": {
    "n_scenarios": 3,
    "success_rate": 1.0,
    "n_success": 3,
    "n_failed": 0,
    "solve_time_mean": 41.23142623901367,
    "solve_time_std": 0.46190862560079676,
    "solve_time_median": 40.95186996459961,
    "iterations_mean": 267.0,
    "iterations_std": 0.0,
    "iterations_median": 267.0,
    "lap_time_mean": 15.598643634464773,
    "lap_time_std": 0.0
  },
  "dt_warmstart": {
    "n_scenarios": 3,
    "success_rate": 1.0,
    "n_success": 3,
    "n_failed": 0,
    "solve_time_mean": 64.82757147153218,
    "solve_time_std": 0.0818529464855074,
    "solve_time_median": 64.78381490707397,
    "iterations_mean": 475.0,
    "iterations_std": 0.0,
    "iterations_median": 475.0,
    "lap_time_mean": 15.658840673163672,
    "lap_time_std": 0.0,
    "warmstart_time_mean": 1.1366243362426758,
    "warmstart_acceptance_rate": 1.0,
    "total_time_mean": 65.96419580777486
  },
  "baseline": {
    "n_scenarios": 3,
    "success_rate": 1.0,
    "n_success": 3,
    "n_failed": 0,
    "solve_time_mean": 41.23142623901367,
    "solve_time_std": 0.46190862560079676,
    "solve_time_median": 40.95186996459961,
    "iterations_mean": 267.0,
    "iterations_std": 0.0,
    "iterations_median": 267.0,
    "lap_time_mean": 15.598643634464773,
    "lap_time_std": 0.0
  }
}