scenario_id,method,success,accepted,rejection_reason,solve_time_s,ipopt_iterations,lap_time_s,warmstart_time_s,warmstart_accepted,num_obstacles,min_clearance_m
0,baseline,True,True,,39.303001165390015,155,15.750795337699586,0.0,True,1,-0.1163807148292455
0,baseline_retry,True,True,,39.303001165390015,155,15.750795337699586,0.0,True,1,-0.1163807148292455
0,dt_warmstart,True,True,,53.01469087600708,367,15.949636717896398,1.4427969455718994,True,1,0.4289361587062226
1,baseline,True,True,,35.278745889663696,189,15.733610122785997,0.0,True,1,-0.21913771579729668
1,baseline_retry,True,True,,35.278745889663696,189,15.733610122785997,0.0,True,1,-0.21913771579729668
1,dt_warmstart,True,True,,51.39195132255554,341,15.70793322181804,1.5600016117095947,True,1,-0.1738769270495959
2,baseline,True,True,,32.16024351119995,179,15.700561877552483,0.0,True,1,-0.36063553862354314
2,baseline_retry,True,True,,32.16024351119995,179,15.700561877552483,0.0,True,1,-0.36063553862354314
2,dt_warmstart,True,True,,58.09783315658569,408,15.931349064647748,1.1719911098480225,True,1,-0.2808033232841858
