{
  "baseline_retry": {
    "n_scenarios": 10,
    "success_rate": 1.0,
    "n_success": 10,
    "n_failed": 0,
    "solve_time_mean": 54.681042957305905,
    "solve_time_std": 16.0031517743696,
    "solve_time_median": 49.367308139801025,
    "iterations_mean": 239.1,
    "iterations_std": 96.17114952000937,
    "iterations_median": 206.5,
    "lap_time_mean": 15.84577255182683,
    "lap_time_std": 0.15969191520576004
  },
  "dt_warmstart": {
    "n_scenarios": 10,
    "success_rate": 0.9,
    "n_success": 9,
    "n_failed": 1,
    "solve_time_mean": 64.49914309713576,
    "solve_time_std": 11.300019036587347,
    "solve_time_median": 67.51874446868896,
    "iterations_mean": 311.1111111111111,
    "iterations_std": 64.21914640846684,
    "iterations_median": 332.0,
    "lap_time_mean": 16.02893415569095,
    "lap_time_std": 0.4009535903691613,
    "warmstart_time_mean": 229.22021939754487,
    "warmstart_acceptance_rate": 0.8,
    "total_time_mean": 293.71936249468064,
    "fallback_count_mean": 3.1,
    "fallback_count_max": 4,
    "projection_count_mean": 92.9,
    "projection_count_max": 104,
    "projection_total_magnitude_mean": 170.7125677842602,
    "projection_max_magnitude_mean": 3.8856185553653413,
    "projection_max_magnitude_max": 4.069543766220432
  },
  "baseline": {
    "n_scenarios": 10,
    "success_rate": 1.0,
    "n_success": 10,
    "n_failed": 0,
    "solve_time_mean": 54.681042957305905,
    "solve_time_std": 16.0031517743696,
    "solve_time_median": 49.367308139801025,
    "iterations_mean": 239.1,
    "iterations_std": 96.17114952000937,
    "iterations_median": 206.5,
    "lap_time_mean": 15.84577255182683,
    "lap_time_std": 0.15969191520576004
  }
}