{
  "cases": [
    {
      "label": "noobs",
      "plot": "results/warmstarts/eval/oval_hard400_train20_traj_viz_20260306/noobs_scenario0_compare.png",
      "baseline": {
        "success": true,
        "solve_time_s": 42.8551344871521,
        "iters": 267,
        "lap_s": 15.598643634464773
      },
      "dt": {
        "success": true,
        "solve_time_s": 31.92851972579956,
        "iters": 195,
        "lap_s": 15.73989026897802,
        "fallback_count": 0,
        "projection_count": 116
      },
      "obstacles": []
    },
    {
      "label": "obs1",
      "plot": "results/warmstarts/eval/oval_hard400_train20_traj_viz_20260306/obs1_scenario0_compare.png",
      "baseline": {
        "success": true,
        "solve_time_s": 28.58513617515564,
        "iters": 155,
        "lap_s": 15.750795337699586
      },
      "dt": {
        "success": true,
        "solve_time_s": 33.95113492012024,
        "iters": 205,
        "lap_s": 15.87897639360511,
        "fallback_count": 0,
        "projection_count": 116
      },
      "obstacles": [
        {
          "s_m": 201.22857262455048,
          "e_m": -0.1466917445950744,
          "radius_m": 1.4010185439379677,
          "margin_m": 0.3
        }
      ]
    }
  ]
}