{
  "dt_warmstart": {
    "n_scenarios": 3,
    "success_rate": 1.0,
    "n_success": 3,
    "n_failed": 0,
    "solve_time_mean": 45.15613317489624,
    "solve_time_std": 0.2978516706486693,
    "solve_time_median": 45.09446334838867,
    "iterations_mean": 311.0,
    "iterations_std": 0.0,
    "iterations_median": 311.0,
    "lap_time_mean": 15.661386907622033,
    "lap_time_std": 0.0,
    "warmstart_time_mean": 1.0961300532023113,
    "warmstart_acceptance_rate": 1.0,
    "total_time_mean": 46.25226322809855,
    "fallback_count_mean": 0.0,
    "fallback_count_max": 0,
    "projection_count_mean": 116.0,
    "projection_count_max": 116,
    "projection_total_magnitude_mean": 204.21342905676406,
    "projection_max_magnitude_mean": 2.6010525995332645,
    "projection_max_magnitude_max": 2.6010525995332645
  },
  "baseline": {
    "n_scenarios": 3,
    "success_rate": 1.0,
    "n_success": 3,
    "n_failed": 0,
    "solve_time_mean": 40.38059775034586,
    "solve_time_std": 0.8677361173609416,
    "solve_time_median": 39.8237578868866,
    "iterations_mean": 267.0,
    "iterations_std": 0.0,
    "iterations_median": 267.0,
    "lap_time_mean": 15.598643634464773,
    "lap_time_std": 0.0
  },
  "baseline_retry": {
    "n_scenarios": 3,
    "success_rate": 1.0,
    "n_success": 3,
    "n_failed": 0,
    "solve_time_mean": 40.38059775034586,
    "solve_time_std": 0.8677361173609416,
    "solve_time_median": 39.8237578868866,
    "iterations_mean": 267.0,
    "iterations_std": 0.0,
    "iterations_median": 267.0,
    "lap_time_mean": 15.598643634464773,
    "lap_time_std": 0.0
  }
}