{
  "baseline": {
    "n_scenarios": 3,
    "success_rate": 1.0,
    "n_success": 3,
    "n_failed": 0,
    "solve_time_mean": 37.566143115361534,
    "solve_time_std": 7.574822295063976,
    "solve_time_median": 40.3118155002594,
    "iterations_mean": 131.33333333333334,
    "iterations_std": 47.21816976075582,
    "iterations_median": 148.0,
    "lap_time_mean": 18.194800832308626,
    "lap_time_std": 0.1975098455274449
  },
  "baseline_retry": {
    "n_scenarios": 3,
    "success_rate": 1.0,
    "n_success": 3,
    "n_failed": 0,
    "solve_time_mean": 37.566143115361534,
    "solve_time_std": 7.574822295063976,
    "solve_time_median": 40.3118155002594,
    "iterations_mean": 131.33333333333334,
    "iterations_std": 47.21816976075582,
    "iterations_median": 148.0,
    "lap_time_mean": 18.194800832308626,
    "lap_time_std": 0.1975098455274449
  },
  "dt_warmstart": {
    "n_scenarios": 3,
    "success_rate": 1.0,
    "n_success": 3,
    "n_failed": 0,
    "solve_time_mean": 71.55314342180888,
    "solve_time_std": 8.728883711122979,
    "solve_time_median": 69.7044939994812,
    "iterations_mean": 347.0,
    "iterations_std": 54.86954224947267,
    "iterations_median": 341.0,
    "lap_time_mean": 18.929035495384905,
    "lap_time_std": 0.3618077561264932,
    "warmstart_time_mean": 1.6434040864308674,
    "warmstart_acceptance_rate": 1.0,
    "total_time_mean": 73.19654750823975,
    "fallback_count_mean": 8.0,
    "fallback_count_max": 8,
    "projection_count_mean": 76.0,
    "projection_count_max": 86,
    "projection_total_magnitude_mean": 118.03452494033905,
    "projection_max_magnitude_mean": 5.391058478159842,
    "projection_max_magnitude_max": 7.218729922496048
  }
}