scenario_id,method,success,accepted,rejection_reason,solve_time_s,ipopt_iterations,lap_time_s,warmstart_time_s,warmstart_accepted,ws_fallback_count,ws_projection_count,ws_projection_total_magnitude,ws_projection_max_magnitude,num_obstacles,min_clearance_m
0,baseline,True,True,,27.225985050201416,67,18.47411689533577,0.0,True,0,0,0.0,0.0,1,5.680172403543793e-07
0,baseline_retry,True,True,,27.225985050201416,67,18.47411689533577,0.0,True,0,0,0.0,0.0,1,5.680172403543793e-07
0,dt_warmstart,True,True,,83.04756689071655,417,18.509321930149436,1.6541996002197266,True,8,68,111.83055352547127,4.477222755991739,1,0.28794657654864286
1,baseline,True,True,,40.3118155002594,148,18.05659583956753,0.0,True,0,0,0.0,0.0,1,1.1943169752757745
1,baseline_retry,True,True,,40.3118155002594,148,18.05659583956753,0.0,True,0,0,0.0,0.0,1,1.1943169752757745
1,dt_warmstart,True,True,,69.7044939994812,341,19.392343793993234,1.6396949291229248,True,8,86,122.30282251838607,7.218729922496048,1,0.04321326797113745
2,baseline,True,True,,45.16062879562378,179,18.053689762022568,0.0,True,0,0,0.0,0.0,1,1.1737081679384487
2,baseline_retry,True,True,,45.16062879562378,179,18.053689762022568,0.0,True,0,0,0.0,0.0,1,1.1737081679384487
2,dt_warmstart,True,True,,61.90736937522888,283,18.88544076201204,1.6363177299499512,True,8,74,119.97019877715981,4.477222755991739,1,1.1977231958531294
