{
  "timestamp": "20260301_001607",
  "map_file": "maps/Medium_Oval_Map_260m.mat",
  "num_configs": 8,
  "num_success_and_accepted": 8,
  "accept_min_clearance_m": -0.001,
  "accept_max_slack": 0.0,
  "grid": {
    "N": [
      100,
      120
    ],
    "obs_subsamples": [
      7
    ],
    "lambda_u": [
      0.003,
      0.005
    ],
    "ux_min": [
      2.5,
      3.0
    ],
    "obstacle_clearance_m": [
      0.0
    ]
  },
  "best": {
    "N": 100,
    "obs_subsamples": 7,
    "lambda_u": 0.005,
    "ux_min": 2.5,
    "obstacle_clearance_m": 0.0,
    "success": true,
    "accepted": true,
    "cost_s": 15.478476888689084,
    "solve_time_s": 32.725523948669434,
    "iterations": 220,
    "max_obstacle_slack": 0.0,
    "min_obstacle_clearance_m": Infinity,
    "tv_delta": 4.13729240806948,
    "tv_fx": 33.511750820167705,
    "max_abs_ddelta": 0.9423686725272198,
    "max_abs_dfx": 0.9066321409263169
  },
  "top_k": [
    {
      "N": 100,
      "obs_subsamples": 7,
      "lambda_u": 0.005,
      "ux_min": 2.5,
      "obstacle_clearance_m": 0.0,
      "success": true,
      "accepted": true,
      "cost_s": 15.478476888689084,
      "solve_time_s": 32.725523948669434,
      "iterations": 220,
      "max_obstacle_slack": 0.0,
      "min_obstacle_clearance_m": Infinity,
      "tv_delta": 4.13729240806948,
      "tv_fx": 33.511750820167705,
      "max_abs_ddelta": 0.9423686725272198,
      "max_abs_dfx": 0.9066321409263169
    },
    {
      "N": 100,
      "obs_subsamples": 7,
      "lambda_u": 0.003,
      "ux_min": 2.5,
      "obstacle_clearance_m": 0.0,
      "success": true,
      "accepted": true,
      "cost_s": 15.557326651023441,
      "solve_time_s": 22.522542238235474,
      "iterations": 123,
      "max_obstacle_slack": 0.0,
      "min_obstacle_clearance_m": Infinity,
      "tv_delta": 5.940732853749018,
      "tv_fx": 53.06243125995613,
      "max_abs_ddelta": 0.9424419372413346,
      "max_abs_dfx": 1.3414982218536273
    },
    {
      "N": 100,
      "obs_subsamples": 7,
      "lambda_u": 0.003,
      "ux_min": 3.0,
      "obstacle_clearance_m": 0.0,
      "success": true,
      "accepted": true,
      "cost_s": 15.563702360132362,
      "solve_time_s": 25.659754276275635,
      "iterations": 152,
      "max_obstacle_slack": 0.0,
      "min_obstacle_clearance_m": Infinity,
      "tv_delta": 5.954762909290533,
      "tv_fx": 53.35867783668146,
      "max_abs_ddelta": 0.94243709159315,
      "max_abs_dfx": 1.3417821723285062
    },
    {
      "N": 120,
      "obs_subsamples": 7,
      "lambda_u": 0.003,
      "ux_min": 3.0,
      "obstacle_clearance_m": 0.0,
      "success": true,
      "accepted": true,
      "cost_s": 15.582303070452012,
      "solve_time_s": 53.628251791000366,
      "iterations": 343,
      "max_obstacle_slack": 0.0,
      "min_obstacle_clearance_m": Infinity,
      "tv_delta": 2.6059066023281936,
      "tv_fx": 50.83724263783316,
      "max_abs_ddelta": 0.5007676395934169,
      "max_abs_dfx": 1.0754405105796523
    },
    {
      "N": 100,
      "obs_subsamples": 7,
      "lambda_u": 0.005,
      "ux_min": 3.0,
      "obstacle_clearance_m": 0.0,
      "success": true,
      "accepted": true,
      "cost_s": 15.618904346541175,
      "solve_time_s": 28.2703595161438,
      "iterations": 182,
      "max_obstacle_slack": 0.0,
      "min_obstacle_clearance_m": Infinity,
      "tv_delta": 5.959887256176906,
      "tv_fx": 42.560392223164776,
      "max_abs_ddelta": 0.9424228882930237,
      "max_abs_dfx": 1.1364156794859992
    },
    {
      "N": 120,
      "obs_subsamples": 7,
      "lambda_u": 0.005,
      "ux_min": 3.0,
      "obstacle_clearance_m": 0.0,
      "success": true,
      "accepted": true,
      "cost_s": 15.659195263472748,
      "solve_time_s": 26.977837085723877,
      "iterations": 124,
      "max_obstacle_slack": 0.0,
      "min_obstacle_clearance_m": Infinity,
      "tv_delta": 5.143237361345821,
      "tv_fx": 42.91276679393123,
      "max_abs_ddelta": 0.9422825074743356,
      "max_abs_dfx": 0.9766707281313152
    },
    {
      "N": 120,
      "obs_subsamples": 7,
      "lambda_u": 0.003,
      "ux_min": 2.5,
      "obstacle_clearance_m": 0.0,
      "success": true,
      "accepted": true,
      "cost_s": 15.659205058916823,
      "solve_time_s": 27.184009313583374,
      "iterations": 126,
      "max_obstacle_slack": 0.0,
      "min_obstacle_clearance_m": Infinity,
      "tv_delta": 5.686320012090512,
      "tv_fx": 54.20487271031291,
      "max_abs_ddelta": 0.9423896958047602,
      "max_abs_dfx": 1.2325073943485765
    },
    {
      "N": 120,
      "obs_subsamples": 7,
      "lambda_u": 0.005,
      "ux_min": 2.5,
      "obstacle_clearance_m": 0.0,
      "success": true,
      "accepted": true,
      "cost_s": 15.792863704471836,
      "solve_time_s": 39.73033857345581,
      "iterations": 176,
      "max_obstacle_slack": 0.0,
      "min_obstacle_clearance_m": Infinity,
      "tv_delta": 8.819391528421601,
      "tv_fx": 52.316403932076405,
      "max_abs_ddelta": 0.9182106551698579,
      "max_abs_dfx": 1.0374108517253229
    }
  ],
  "csv_path": "/run/media/saveas/Secondary-Storage/Masters/CS234/CS234_Reinforcement_Learning/Final Project/CS234_Final_Project/results/trajectory_optimization/nlp/trajopt_tuning_grid_medium_oval_20260301_001607.csv"
}