{
  "dt_warmstart": {
    "n_scenarios": 10,
    "success_rate": 1.0,
    "n_success": 10,
    "n_failed": 0,
    "solve_time_mean": 285.29913001060487,
    "solve_time_std": 682.2980372086404,
    "solve_time_median": 57.20085871219635,
    "iterations_mean": 272.0,
    "iterations_std": 0.0,
    "iterations_median": 272.0,
    "lap_time_mean": 15.633136859774513,
    "lap_time_std": 0.0,
    "warmstart_time_mean": 1.9423003911972045,
    "warmstart_acceptance_rate": 1.0,
    "total_time_mean": 287.24143040180206,
    "fallback_count_mean": 4.0,
    "fallback_count_max": 4,
    "projection_count_mean": 94.0,
    "projection_count_max": 94,
    "projection_total_magnitude_mean": 145.82757807965976,
    "projection_max_magnitude_mean": 4.069543766220432,
    "projection_max_magnitude_max": 4.069543766220432
  },
  "baseline": {
    "n_scenarios": 10,
    "success_rate": 1.0,
    "n_success": 10,
    "n_failed": 0,
    "solve_time_mean": 56.595488214492796,
    "solve_time_std": 1.3320778839880414,
    "solve_time_median": 56.1539067029953,
    "iterations_mean": 267.0,
    "iterations_std": 0.0,
    "iterations_median": 267.0,
    "lap_time_mean": 15.598643634464773,
    "lap_time_std": 0.0
  },
  "baseline_retry": {
    "n_scenarios": 10,
    "success_rate": 1.0,
    "n_success": 10,
    "n_failed": 0,
    "solve_time_mean": 56.595488214492796,
    "solve_time_std": 1.3320778839880414,
    "solve_time_median": 56.1539067029953,
    "iterations_mean": 267.0,
    "iterations_std": 0.0,
    "iterations_median": 267.0,
    "lap_time_mean": 15.598643634464773,
    "lap_time_std": 0.0
  }
}