scenario_id,method,success,accepted,rejection_reason,solve_time_s,ipopt_iterations,lap_time_s,warmstart_time_s,warmstart_accepted,ws_fallback_count,ws_projection_count,ws_projection_total_magnitude,ws_projection_max_magnitude,num_obstacles,min_clearance_m
0,baseline,True,True,,44.32692527770996,170,18.74846466854673,0.0,True,0,0,0.0,0.0,1,1.389821322472784e-06
0,baseline_retry,True,True,,44.32692527770996,170,18.74846466854673,0.0,True,0,0,0.0,0.0,1,1.389821322472784e-06
0,dt_warmstart,True,True,,67.5170693397522,325,18.791706014323445,1.6808056831359863,True,14,72,95.96534243233397,4.492814307103185,1,-0.11217956578552779
1,baseline,True,True,,60.1229612827301,270,18.74660485564104,0.0,True,0,0,0.0,0.0,1,1.6342577779139424
1,baseline_retry,True,True,,60.1229612827301,270,18.74660485564104,0.0,True,0,0,0.0,0.0,1,1.6342577779139424
1,dt_warmstart,True,True,,75.44584369659424,377,19.330506610676835,1.6399617195129395,True,9,71,101.13288117722983,4.736977442337262,1,1.6635403140551341
2,baseline,True,True,,42.4743218421936,164,18.768757298684413,0.0,True,0,0,0.0,0.0,1,-0.1219452986747005
2,baseline_retry,True,True,,42.4743218421936,164,18.768757298684413,0.0,True,0,0,0.0,0.0,1,-0.1219452986747005
2,dt_warmstart,True,True,,78.33730792999268,402,18.912734346651202,1.6359524726867676,True,16,63,92.3455318910488,11.458631456215794,1,-0.12091062148543985
