{
  "baseline_retry": {
    "n_scenarios": 3,
    "success_rate": 1.0,
    "n_success": 3,
    "n_failed": 0,
    "solve_time_mean": 48.97473613421122,
    "solve_time_std": 7.919184631592378,
    "solve_time_median": 44.32692527770996,
    "iterations_mean": 201.33333333333334,
    "iterations_std": 48.61641240934542,
    "iterations_median": 170.0,
    "lap_time_mean": 18.754608940957393,
    "lap_time_std": 0.010033169847720647
  },
  "dt_warmstart": {
    "n_scenarios": 3,
    "success_rate": 1.0,
    "n_success": 3,
    "n_failed": 0,
    "solve_time_mean": 73.76674032211304,
    "solve_time_std": 4.574125190975715,
    "solve_time_median": 75.44584369659424,
    "iterations_mean": 368.0,
    "iterations_std": 32.072833779799794,
    "iterations_median": 377.0,
    "lap_time_mean": 19.011648990550494,
    "lap_time_std": 0.23081681154974384,
    "warmstart_time_mean": 1.6522399584452312,
    "warmstart_acceptance_rate": 1.0,
    "total_time_mean": 75.41898028055827,
    "fallback_count_mean": 13.0,
    "fallback_count_max": 16,
    "projection_count_mean": 68.66666666666667,
    "projection_count_max": 72,
    "projection_total_magnitude_mean": 96.48125183353754,
    "projection_max_magnitude_mean": 6.8961410685520805,
    "projection_max_magnitude_max": 11.458631456215794
  },
  "baseline": {
    "n_scenarios": 3,
    "success_rate": 1.0,
    "n_success": 3,
    "n_failed": 0,
    "solve_time_mean": 48.97473613421122,
    "solve_time_std": 7.919184631592378,
    "solve_time_median": 44.32692527770996,
    "iterations_mean": 201.33333333333334,
    "iterations_std": 48.61641240934542,
    "iterations_median": 170.0,
    "lap_time_mean": 18.754608940957393,
    "lap_time_std": 0.010033169847720647
  }
}