{
  "dt_warmstart": {
    "n_scenarios": 3,
    "success_rate": 1.0,
    "n_success": 3,
    "n_failed": 0,
    "solve_time_mean": 78.25583306948344,
    "solve_time_std": 0.994054411172554,
    "solve_time_median": 78.79768967628479,
    "iterations_mean": 584.0,
    "iterations_std": 0.0,
    "iterations_median": 584.0,
    "lap_time_mean": 16.529817538360223,
    "lap_time_std": 0.0,
    "warmstart_time_mean": 1.1985211372375488,
    "warmstart_acceptance_rate": 1.0,
    "total_time_mean": 79.45435420672099,
    "fallback_count_mean": 3.0,
    "fallback_count_max": 3,
    "projection_count_mean": 84.0,
    "projection_count_max": 84,
    "projection_total_magnitude_mean": 155.12668445416568,
    "projection_max_magnitude_mean": 4.549966038883489,
    "projection_max_magnitude_max": 4.549966038883489
  },
  "baseline": {
    "n_scenarios": 3,
    "success_rate": 1.0,
    "n_success": 3,
    "n_failed": 0,
    "solve_time_mean": 42.02340284983317,
    "solve_time_std": 0.9321123697056612,
    "solve_time_median": 41.55940246582031,
    "iterations_mean": 267.0,
    "iterations_std": 0.0,
    "iterations_median": 267.0,
    "lap_time_mean": 15.598643634464773,
    "lap_time_std": 0.0
  },
  "baseline_retry": {
    "n_scenarios": 3,
    "success_rate": 1.0,
    "n_success": 3,
    "n_failed": 0,
    "solve_time_mean": 42.02340284983317,
    "solve_time_std": 0.9321123697056612,
    "solve_time_median": 41.55940246582031,
    "iterations_mean": 267.0,
    "iterations_std": 0.0,
    "iterations_median": 267.0,
    "lap_time_mean": 15.598643634464773,
    "lap_time_std": 0.0
  }
}