scenario_id,method,success,accepted,rejection_reason,solve_time_s,ipopt_iterations,lap_time_s,warmstart_time_s,warmstart_accepted,ws_fallback_count,ws_projection_count,ws_projection_total_magnitude,ws_projection_max_magnitude,num_obstacles,min_clearance_m
0,baseline,True,True,,66.82566785812378,267,15.598643634464773,0.0,True,0,0,0.0,0.0,0,inf
0,baseline_retry,True,True,,66.82566785812378,267,15.598643634464773,0.0,True,0,0,0.0,0.0,0,inf
0,dt_warmstart,True,True,,63.85909819602966,272,15.633136859774513,4.104459524154663,True,4,94,145.82757807965973,4.069543766220432,0,inf
1,baseline,True,True,,64.47049331665039,267,15.598643634464773,0.0,True,0,0,0.0,0.0,0,inf
1,baseline_retry,True,True,,64.47049331665039,267,15.598643634464773,0.0,True,0,0,0.0,0.0,0,inf
1,dt_warmstart,True,True,,63.2644259929657,272,15.633136859774513,2.1599173545837402,True,4,94,145.82757807965973,4.069543766220432,0,inf
2,baseline,True,True,,63.67039728164673,267,15.598643634464773,0.0,True,0,0,0.0,0.0,0,inf
2,baseline_retry,True,True,,63.67039728164673,267,15.598643634464773,0.0,True,0,0,0.0,0.0,0,inf
2,dt_warmstart,True,True,,62.48182797431946,272,15.633136859774513,2.2021470069885254,True,4,94,145.82757807965973,4.069543766220432,0,inf
