{
  "baseline_retry": {
    "n_scenarios": 3,
    "success_rate": 1.0,
    "n_success": 3,
    "n_failed": 0,
    "solve_time_mean": 63.8674541314443,
    "solve_time_std": 2.513763269016229,
    "solve_time_median": 62.27345037460327,
    "iterations_mean": 267.0,
    "iterations_std": 0.0,
    "iterations_median": 267.0,
    "lap_time_mean": 15.598643634464773,
    "lap_time_std": 0.0
  },
  "baseline": {
    "n_scenarios": 3,
    "success_rate": 1.0,
    "n_success": 3,
    "n_failed": 0,
    "solve_time_mean": 63.8674541314443,
    "solve_time_std": 2.513763269016229,
    "solve_time_median": 62.27345037460327,
    "iterations_mean": 267.0,
    "iterations_std": 0.0,
    "iterations_median": 267.0,
    "lap_time_mean": 15.598643634464773,
    "lap_time_std": 0.0
  },
  "dt_warmstart": {
    "n_scenarios": 3,
    "success_rate": 1.0,
    "n_success": 3,
    "n_failed": 0,
    "solve_time_mean": 56.22032078107198,
    "solve_time_std": 0.6783061622033788,
    "solve_time_median": 55.83575892448425,
    "iterations_mean": 239.0,
    "iterations_std": 0.0,
    "iterations_median": 239.0,
    "lap_time_mean": 15.693984037864771,
    "lap_time_std": 1.7763568394002505e-15,
    "warmstart_time_mean": 2.8087777296702066,
    "warmstart_acceptance_rate": 1.0,
    "total_time_mean": 59.02909851074219,
    "fallback_count_mean": 2.0,
    "fallback_count_max": 