{
  "checkpoint": "dt/checkpoints/full_run_lambda0/checkpoint_last.pt",
  "target_lap_time_s": 15.517157617613966,
  "obstacles": [
    {
      "s_m": 201.22857262455048,
      "e_m": -0.1466917445950744,
      "radius_m": 1.4010185439379677,
      "margin_m": 0.3
    }
  ],
  "baseline": {
    "success": true,
    "iterations": 155,
    "solve_time_s": 28.825764417648315,
    "lap_time_s": 15.750795337699586,
    "min_clearance_m": -0.1163807148292455
  },
  "dt_warmstart": {
    "warmstart_success": true,
    "warmstart_reason": null,
    "warmstart_time_s": 1.1074719429016113,
    "rtg_used": -15.517157617613966,
    "opt_success": true,
    "iterations": 391,
    "solve_time_s": 54.223079204559326,
    "lap_time_s": 16.132281309637733,
    "min_clearance_m": 1.1024443913321136e-06
  },
  "plot": "results/warmstarts/viz/full_run_lambda0_last_obs_compare/compare.png"
}