{
  "baseline_retry": {
    "n_scenarios": 3,
    "success_rate": 1.0,
    "n_success": 3,
    "n_failed": 0,
    "solve_time_mean": 49.20107873280843,
    "solve_time_std": 1.711736019670059,
    "solve_time_median": 49.39112687110901,
    "iterations_mean": 174.33333333333334,
    "iterations_std": 14.2672897060218,
    "iterations_median": 179.0,
    "lap_time_mean": 15.728322446012688,
    "lap_time_std": 0.020845779330308692
  },
  "baseline": {
    "n_scenarios": 3,
    "success_rate": 1.0,
    "n_success": 3,
    "n_failed": 0,
    "solve_time_mean": 49.20107873280843,
    "solve_time_std": 1.711736019670059,
    "solve_time_median": 49.39112687110901,
    "iterations_mean": 174.33333333333334,
    "iterations_std": 14.2672897060218,
    "iterations_median": 179.0,
    "lap_time_mean": 15.728322446012688,
    "lap_time_std": 0.020845779330308692
  },
  "dt_warmstart": {
    "n_scenarios": 3,
    "success_rate": 1.0,
    "n_success": 3,
    "n_failed": 0,
    "solve_time_mean": 76.6056576569875,
    "solve_time_std": 20.934918431172964,
    "solve_time_median": 80.86632347106934,
    "iterations_mean": 346.6666666666667,
    "iterations_std": 114.8690075211277,
    "iterations_median": 355.0,
    "lap_time_mean": 15.918927594955221,
    "lap_time_std": 0.09743539551333999,
    "warmstart_time_mean": 2.9230453968048096,
    "warmstart_acceptance_rate": 1.0,
    "total_time_mean": 79.52870305379231,
    "fallback_count_mean": 4.0,
    "fallback_count_max": 