scenario_id,method,success,accepted,rejection_reason,solve_time_s,ipopt_iterations,lap_time_s,warmstart_time_s,warmstart_accepted,ws_fallback_count,ws_projection_count,ws_projection_total_magnitude,ws_projection_max_magnitude,num_obstacles,min_clearance_m
0,baseline,True,True,,46.40929460525513,155,15.750795337699586,0.0,True,0,0,0.0,0.0,1,-0.1163807148292455
0,baseline_retry,True,True,,46.40929460525513,155,15.750795337699586,0.0,True,0,0,0.0,0.0,1,-0.1163807148292455
0,dt_warmstart,True,True,,84.97775268554688,391,16.132281309637733,5.375495433807373,True,3,89,126.81201206424646,4.49308926802805,1,1.1024443913321136e-06
1,baseline,True,True,,52.467018365859985,189,15.733610122785997,0.0,True,0,0,0.0,0.0,1,-0.21913771579729668
1,baseline_retry,True,True,,52.467018365859985,189,15.733610122785997,0.0,True,0,0,0.0,0.0,1,-0.21913771579729668
1,dt_warmstart,True,True,,90.1722776889801,423,15.768125486018727,2.1772470474243164,True,2,87,120.86241927409678,5.9428012444999805,1,-0.21916427874159639
2,baseline,True,True,,50.18184995651245,179,15.700561877552483,0.0,True,0,0,0.0,0.0,1,-0.36063553862354314
2,baseline_retry,True,True,,50.18184995651245,179,15.700561877552483,0.0,True,0,0,0.0,0.0,1,-0.36063553862354314
2,dt_warmstart,True,True,,83.80646467208862,410,16.21476862357268,2.180352210998535,True,3,88,128.82535521781537,3.9834325971211464,1,-0.3973319500205039
