scenario_id,method,success,accepted,rejection_reason,solve_time_s,ipopt_iterations,lap_time_s,warmstart_time_s,warmstart_accepted,ws_fallback_count,ws_projection_count,ws_projection_total_magnitude,ws_projection_max_magnitude,num_obstacles,min_clearance_m
0,baseline,True,True,,41.060957193374634,155,15.750795337699586,0.0,True,0,0,0.0,0.0,1,-0.1163807148292455
0,baseline_retry,True,True,,41.060957193374634,155,15.750795337699586,0.0,True,0,0,0.0,0.0,1,-0.1163807148292455
0,dt_warmstart,True,True,,69.68846535682678,355,16.001267340359068,1.6994154453277588,True,4,94,137.1794788631878,4.069543766220432,1,7.873948280057164e-07
1,baseline,True,True,,45.07290720939636,189,15.733610122785997,0.0,True,0,0,0.0,0.0,1,-0.21913771579729668
1,baseline_retry,True,True,,45.07290720939636,189,15.733610122785997,0.0,True,0,0,0.0,0.0,1,-0.21913771579729668
1,dt_warmstart,True,True,,91.14744114875793,483,15.782072774673317,1.7980799674987793,True,4,98,153.54868412485087,5.883920363851159,1,-0.17398616547529588
2,baseline,True,True,,44.431878089904785,179,15.700561877552483,0.0,True,0,0,0.0,0.0,1,-0.36063553862354314
2,baseline_retry,True,True,,44.431878089904785,179,15.700561877552483,0.0,True,0,0,0.0,0.0,1,-0.36063553862354314
2,dt_warmstart,True,True,,44.919554233551025,202,15.97344266983328,1.639549732208252,True,4,100,177.4130561805675,4.069543766220432,1,-0.32708675593047154
