{
  "baseline": {
    "n_scenarios": 3,
    "success_rate": 1.0,
    "n_success": 3,
    "n_failed": 0,
    "solve_time_mean": 43.52191416422526,
    "solve_time_std": 1.7597275342682561,
    "solve_time_median": 44.431878089904785,
    "iterations_mean": 174.33333333333334,
    "iterations_std": 14.2672897060218,
    "iterations_median": 179.0,
    "lap_time_mean": 15.728322446012688,
    "lap_time_std": 0.020845779330308692
  },
  "baseline_retry": {
    "n_scenarios": 3,
    "success_rate": 1.0,
    "n_success": 3,
    "n_failed": 0,
    "solve_time_mean": 43.52191416422526,
    "solve_time_std": 1.7597275342682561,
    "solve_time_median": 44.431878089904785,
    "iterations_mean": 174.33333333333334,
    "iterations_std": 14.2672897060218,
    "iterations_median": 179.0,
    "lap_time_mean": 15.728322446012688,
    "lap_time_std": 0.020845779330308692
  },
  "dt_warmstart": {
    "n_scenarios": 3,
    "success_rate": 1.0,
    "n_success": 3,
    "n_failed": 0,
    "solve_time_mean": 68.58515357971191,
    "solve_time_std": 18.888574232754745,
    "solve_time_median": 69.68846535682678,
    "iterations_mean": 346.6666666666667,
    "iterations_std": 114.8690075211277,
    "iterations_median": 355.0,
    "lap_time_mean": 15.918927594955221,
    "lap_time_std": 0.09743539551333999,
    "warmstart_time_mean": 1.7123483816782634,
    "warmstart_acceptance_rate": 1.0,
    "total_time_mean": 70.29750196139018,
    "fallback_count_mean": 4.0,
    "fallback_count_max": 4,
    "projection_count_mean": 97.33333333333333,
    "projection_count_max": 100,
    "projection_total_magnitude_mean": 156.04707305620207,
    "projection_max_magnitude_mean": 4.674335965430674,
    "projection_max_magnitude_max": 5.883920363851159
  }
}