{
  "baseline_retry": {
    "n_scenarios": 2,
    "success_rate": 1.0,
    "n_success": 2,
    "n_failed": 0,
    "solve_time_mean": 39.79170608520508,
    "solve_time_std": 1.40065336227417,
    "solve_time_median": 39.79170608520508,
    "iterations_mean": 250.0,
    "iterations_std": 17.0,
    "iterations_median": 250.0,
    "lap_time_mean": 15.75236733270458,
    "lap_time_std": 0.15372369823980758
  },
  "baseline": {
    "n_scenarios": 2,
    "success_rate": 1.0,
    "n_success": 2,
    "n_failed": 0,
    "solve_time_mean": 39.79170608520508,
    "solve_time_std": 1.40065336227417,
    "solve_time_median": 39.79170608520508,
    "iterations_mean": 250.0,
    "iterations_std": 17.0,
    "iterations_median": 250.0,
    "lap_time_mean": 15.75236733270458,
    "lap_time_std": 0.15372369823980758
  },
  "dt_warmstart": {
    "n_scenarios": 2,
    "success_rate": 1.0,
    "n_success": 2,
    "n_failed": 0,
    "solve_time_mean": 48.89699113368988,
    "solve_time_std": 3.3608111143112183,
    "solve_time_median": 48.89699113368988,
    "iterations_mean": 338.0,
    "iterations_std": 27.0,
    "iterations_median": 338.0,
    "lap_time_mean": 15.810868889038979,
    "lap_time_std": 0.1494819814169448,
    "warmstart_time_mean": 1.1194204092025757,
    "warmstart_acceptance_rate": 1.0,
    "total_time_mean": 50.016411542892456,
    "fallback_count_mean": 0.0,
    "fallback_count_max": 0,
    "projection_count_mean": 110.5,
    "projection_count_max": 116,
    "projection_total_magnitude_mean": 202.04818624598536,
    "projection_max_magnitude_mean": 3.961233738771968,
    "projection_max_magnitude_max": 5.321414878010671
  }
}