{
  "Oval_Track_260m": [
    181.3156875554346,
    197.89632251749177
  ],
  "TRACK1_280m": [
    195.2630481366219,
    213.11911655729884
  ],
  "TRACK2": [
    173.3108643426337,
    189.1594884488366
  ],
  "TRACK3_300m": [
    209.2104087178092,
    228.34191059710594
  ],
  "TRACK4_315m": [
    219.67092915369923,
    239.75900612696074
  ],
  "TRACK5_330m": [
    231.9477088896261,
    253.1584510114769
  ]
}