scenario_id,method,success,accepted,rejection_reason,solve_time_s,ipopt_iterations,lap_time_s,warmstart_time_s,warmstart_accepted,num_obstacles,min_clearance_m
0,baseline,True,True,,48.318241119384766,155,15.750795337699586,0.0,True,1,-0.1163807148292455
0,baseline_retry,True,True,,48.318241119384766,155,15.750795337699586,0.0,True,1,-0.1163807148292455
0,dt_warmstart,True,True,,153.75481128692627,714,16.174897290992405,3.043933629989624,True,1,0.047505076011463476
1,baseline,True,True,,52.03797745704651,189,15.733610122785997,0.0,True,1,-0.21913771579729668
1,baseline_retry,True,True,,52.03797745704651,189,15.733610122785997,0.0,True,1,-0.21913771579729668
1,dt_warmstart,True,True,,88.08304643630981,393,15.896217002298123,1.913649559020996,True,1,-0.09755513528100423
2,baseline,True,True,,51.39587664604187,179,15.700561877552483,0.0,True,1,-0.36063553862354314
2,baseline_retry,True,True,,51.39587664604187,179,15.700561877552483,0.0,True,1,-0.36063553862354314
2,dt_warmstart,False,False,solver_failed,205.4869031906128,-1,inf,1.9222991466522217,True,1,-0.11058901598408721
